Employee_Id,First Name,Last Name,Email,Phone,Gender,Age,Job Title,Years Of Experience,Salary,Department
1,Aditya,Suryawanshi,aditya.suryawanshi@example.com,+91 9876543210,Male,32,Software Engineer,8,800000,Engineering
2,Om,Bhavsar,om.bhavsar@example.com,+91 9876543211,Male,28,Data Analyst,5,600000,Analytics
3,Shardul,Deshmukh,shardul.deshmukh@example.com,+91 9876543212,Male,35,Project Manager,10,1200000,Management
4,Sujal,Pore,sujal.pore@example.com,+91 9876543213,Male,30,UI/UX Designer,6,700000,Design
5,Avadhut,Taral,avadhut.taral@example.com,+91 9876543214,Male,25,Marketing Executive,3,500000,Marketing
6,Aarav,Patel,aarav.patel@example.com,+91 9876543215,Male,27,Software Developer,4,650000,Engineering
7,Ishaan,Shah,ishaan.shah@example.com,+91 9876543216,Male,33,Business Analyst,9,850000,Analytics
8,Jiya,Verma,jiya.verma@example.com,+91 9876543217,Female,29,HR Manager,7,750000,Human Resources
9,Tanvi,Joshi,tanvi.joshi@example.com,+91 9876543218,Female,31,Quality Assurance Engineer,8,800000,Engineering
10,Arnav,Kumar,arnav.kumar@example.com,+91 9876543219,Male,26,Content Writer,4,600000,Content
